{"columns":["year","quarter","net_income","equity","gross_profit","long_term_debt","EPS"],"index":[0,1,2,3,4,5,6,7,8,9,10,11,12,13,14],"data":[[2008.0,4.0,13213000000,109267000000.0,22236000000.0,7219215000.0,-990.0],[2009.0,4.0,9988000000,262204000000.0,57592000000.0,14438430000.0,4210.0],[2010.0,4.0,1761000000,314636000000.0,56210000000.0,14438430000.0,4241.0],[2011.0,4.0,11293000000,329700000000.0,63051000000.0,14543820000.0,3467.0],[2012.0,4.0,16110000000,375294000000.0,69892000000.0,14543820000.0,3009.0],[2013.0,4.0,6689000000,443780000000.0,67334000000.0,17178570000.0000019073,4470.0],[2014.0,4.0,5601000000,480340000000.0,57505000000.0,17178570000.0000019073,3573.0],[2015.0,4.0,4957000000,511100000000.0,47676000000.0,14438430000.0,2989.0],[2016.0,4.0,15956000000,565071000000.0,8002000000.0,9355507032.0155677795,3452.0],[2017.0,4.0,25934000000,696592000000.0,106697000000.0,4272584064.0311350822,3226.0],[2018.0,4.0,8754000000,697406000000.0,205392000000.0,4272584064.0311350822,3812.0],[2019.0,4.0,3022000000,849582000000.0,111386000000.0,4272584064.0311350822,3848.0],[2020.0,4.0,6834000000,886328000000.0,167379000000.0,4272584064.0311350822,4255.0],[2021.0,4.0,4556000000,1012398000000.0,81110000000.0,4272584064.0311350822,5130.0],[2022.0,4.0,10254000000,472360000000.0,0.0,2136292032.0155675411,2757.0]]}