{"columns":["year","quarter","net_income","equity","gross_profit","long_term_debt","EPS"],"index":[0,1,2,3,4,5,6,7,8,9,10,11,12,13,14,15,16,17,18,19,20,21,22,23,24,25,26,27,28,29,30,31,32,33,34,35,36,37,38,39,40,41,42,43,44,45,46,47,48,49,50,51,52,53,54,55,56,57],"data":[[2008.0,4.0,4877000000,109267000000.0,6598000000.0,7219215000.0,3149.0],[2009.0,3.0,1057000000,126073000000.0,15514000000.0,7219215000.0,682.0],[2009.0,4.0,3522000000,393306000000.0,37930000000.0,21657645000.0,6482.0],[2010.0,1.0,4999000000,147209000000.0,7647000000.0,7271910000.0,3223.0],[2010.0,2.0,4999000000,142763000000.0,7647000000.0,7271910000.0,2087.0],[2010.0,3.0,3238000000,149671000000.0,13493000000.0,7271910000.0,2087.0],[2010.0,4.0,10504000000,471954000000.0,25185000000.0,24450480000.0,9911.0],[2011.0,1.0,5601000000,160055000000.0,27565000000.0,8589285000.0000009537,1814.0],[2011.0,2.0,5601000000,163007000000.0,27565000000.0,8589285000.0000009537,0.0],[2011.0,3.0,1968000000,159957000000.0,14072000000.0,7219215000.0,0.0],[2011.0,4.0,19148000000,494550000000.0,26984000000.0,16574722032.0155677795,0.0],[2012.0,1.0,2989000000,175997000000.0,13828000000.0,2136292032.0155675411,0.0],[2012.0,2.0,2989000000,177379000000.0,13828000000.0,2136292032.0155675411,0.0],[2012.0,3.0,1511000000,184602000000.0,7372000000.0,2136292032.0155675411,0.0],[2012.0,4.0,11367000000,562941000000.0,56078000000.0,6408876096.0467023849,0.0],[2013.0,1.0,3417000000,198071000000.0,10525000000.0,2136292032.0155675411,0.0],[2013.0,2.0,3417000000,202016000000.0,10525000000.0,2136292032.0155675411,0.0],[2013.0,3.0,7206000000,208382000000.0,5688000000.0,2136292032.0155675411,0.0],[2013.0,4.0,11762000000,665670000000.0,29322000000.0,6408876096.0467023849,0.0],[2014.0,1.0,3245000000,227612000000.0,6129000000.0,2136292032.0155675411,0.0],[2014.0,2.0,3245000000,234005000000.0,6129000000.0,2136292032.0155675411,0.0],[2014.0,3.0,6353000000,237456000000.0,17447000000.0,2136292032.0155675411,0.0],[2014.0,4.0,12569000000,720510000000.0,28707000000.0,9950857751.2235412598,0.0],[2015.0,1.0,10273000000,241458000000.0,-1523000000.0,4190011123.1170148849,0.0],[2015.0,2.0,10273000000,246043000000.0,-1523000000.0,4190011123.1170148849,0.0],[2015.0,3.0,3920000000,248283000000.0,13575000000.0,4190011123.1170148849,0.0],[2015.0,4.0,13704000000,766650000000.0,43771000000.0,15785389626.8988723755,0.0],[2016.0,1.0,9433000000,258661000000.0,36722000000.0,6122574207.080657959,0.0],[2016.0,2.0,9433000000,263025000000.0,36722000000.0,6122574207.080657959,0.0],[2016.0,3.0,4541000000,269264000000.0,23147000000.0,6122574207.080657959,0.0],[2016.0,4.0,33513000000,849003000000.0,78441000000.0,21402215089.3027381897,0.0],[2017.0,1.0,5053000000,292851000000.0,45406000000.0,7616375135.0664205551,0.0],[2017.0,2.0,5053000000,300659000000.0,45406000000.0,0.0,0.0],[2017.0,3.0,4705000000,308278000000.0,17759000000.0,0.0,0.0],[2017.0,4.0,26905000000,1044888000000.0,149549000000.0,0.0,0.0],[2018.0,1.0,6395000000,347401000000.0,20489000000.0,0.0,0.0],[2018.0,2.0,6395000000,358094000000.0,20489000000.0,0.0,0.0],[2018.0,3.0,15717000000,375606000000.0,-63049000000.0,0.0,0.0],[2018.0,4.0,24951000000,1046109000000.0,-118329000000.0,0.0,0.0],[2019.0,1.0,5164000000,368877000000.0,35409000000.0,0.0,0.0],[2019.0,2.0,5164000000,382544000000.0,35409000000.0,0.0,0.0],[2019.0,3.0,9177000000,397609000000.0,10290000000.0,0.0,0.0],[2019.0,4.0,17203000000,1274373000000.0,86150000000.0,0.0,0.0],[2020.0,1.0,18605000000,371565000000.0,14528000000.0,0.0,0.0],[2020.0,2.0,18605000000,393495000000.0,14528000000.0,0.0,0.0],[2020.0,3.0,9428000000,415155000000.0,50249000000.0,0.0,0.0],[2020.0,4.0,20606000000,1329492000000.0,121691000000.0,0.0,0.0],[2021.0,1.0,10590000000,447987000000.0,62733000000.0,0.0,0.0],[2021.0,2.0,10590000000,470409000000.0,62733000000.0,0.0,0.0],[2021.0,3.0,5001000000,472480000000.0,12484000000.0,0.0,0.0],[2021.0,4.0,40577000000,1518597000000.0,26253000000.0,0.0,0.0],[2022.0,1.0,7198000000,508141000000.0,-48670000000.0,0.0,0.0],[2022.0,2.0,7198000000,461229000000.0,-48351000000.0,0.0,0.0],[2022.0,3.0,4060000000,455430000000.0,-55482000000.0,0.0,0.0],[2022.0,4.0,20704000000,1420272000000.0,-160704000000.0,0.0,0.0],[2023.0,1.0,4262000000,504554000000.0,-4117000000.0,0.0,0.0],[2023.0,2.0,4262000000,539883000000.0,-4258000000.0,0.0,0.0],[2023.0,3.0,12389000000,525330000000.0,44752000000.0,0.0,0.0]]}